log_id,session_id,timestamp,event_type,event_data
1,1,2026-03-06 00:19:47.194257,keystroke_pause,"{""duration_ms"": 30023}"
2,1,2026-03-06 00:20:40.835268,run_click,{}
3,1,2026-03-06 00:20:59.518589,run_click,{}
4,1,2026-03-06 00:21:02.480973,run_click,{}
5,1,2026-03-06 00:21:03.120601,run_click,{}
6,1,2026-03-06 00:21:03.954959,submit_click,{}
7,1,2026-03-06 00:21:04.771633,submit_click,{}
8,1,2026-03-06 00:21:05.450887,submit_click,{}
9,1,2026-03-06 00:21:05.683561,submit_click,{}
10,1,2026-03-06 00:21:06.384038,run_click,{}
11,1,2026-03-06 00:21:07.016614,submit_click,{}
12,1,2026-03-06 00:25:49.665441,keystroke_pause,"{""duration_ms"": 30017}"
13,1,2026-03-06 00:26:10.502038,run_click,{}
14,1,2026-03-06 00:26:11.785890,run_click,{}
15,1,2026-03-06 00:26:12.601211,submit_click,{}
16,1,2026-03-06 00:26:13.284116,submit_click,{}
17,1,2026-03-06 00:26:19.227165,help_click,{}
18,1,2026-03-06 00:26:28.747652,help_click,{}
19,1,2026-03-06 00:26:28.755566,help_click,{}
20,1,2026-03-06 00:26:28.762429,help_click,{}
21,1,2026-03-06 00:26:57.330858,keystroke_pause,"{""duration_ms"": 30226}"
22,1,2026-03-09 22:26:26.819507,keystroke_pause,"{""duration_ms"": 30023}"
23,1,2026-03-09 22:28:49.800386,keystroke_pause,"{""duration_ms"": 30008}"
24,1,2026-03-09 22:29:35.437171,run_click,{}
25,1,2026-03-09 22:30:42.125019,keystroke_pause,"{""duration_ms"": 31485}"
26,1,2026-03-09 22:30:52.374667,keystroke_pause,"{""duration_ms"": 30180}"
27,1,2026-03-09 22:31:10.154611,run_click,{}
28,1,2026-03-09 22:31:20.184213,run_click,{}
29,1,2026-03-09 22:31:50.403802,keystroke_pause,"{""duration_ms"": 30201}"
30,1,2026-03-09 22:33:32.198380,run_click,{}
31,1,2026-03-09 22:33:37.706424,run_click,{}
32,1,2026-03-09 22:33:42.079169,submit_click,{}
33,1,2026-03-09 22:33:52.149889,run_click,{}
34,1,2026-03-09 22:36:57.204339,run_click,{}
35,1,2026-03-09 22:37:02.267888,submit_click,{}
36,1,2026-03-09 22:37:03.114661,submission_result,"{""status"": ""wrong_answer""}"
37,1,2026-03-09 22:37:14.430826,help_click,{}
38,1,2026-03-09 22:45:46.086894,run_click,{}
39,1,2026-03-09 22:45:50.073765,submit_click,{}
40,1,2026-03-09 22:45:50.707598,submission_result,"{""status"": ""wrong_answer""}"
41,1,2026-03-09 22:46:17.418515,help_click,{}
42,1,2026-03-09 22:46:47.477916,keystroke_pause,"{""duration_ms"": 30047}"
43,1,2026-03-09 22:52:13.933519,run_click,{}
44,1,2026-03-09 22:52:16.440779,submit_click,{}
45,1,2026-03-09 22:52:17.095726,submission_result,"{""status"": ""success""}"
46,1,2026-03-09 22:52:47.455399,keystroke_pause,"{""duration_ms"": 30360}"
47,1,2026-03-09 22:54:02.522173,run_click,{}
48,1,2026-03-09 22:54:04.804030,submit_click,{}
49,1,2026-03-09 22:54:05.383339,submission_result,"{""status"": ""success""}"
50,1,2026-03-09 22:54:11.105288,help_click,{}
51,1,2026-03-09 22:54:41.569039,keystroke_pause,"{""duration_ms"": 30456}"
52,4,2026-03-09 23:04:51.614744,keystroke_pause,"{""duration_ms"": 31533}"
53,4,2026-03-09 23:04:58.998553,run_click,{}
54,4,2026-03-09 23:05:01.049527,submit_click,{}
55,4,2026-03-09 23:05:01.649729,submission_result,"{""status"": ""wrong_answer""}"
56,4,2026-03-09 23:05:07.261021,help_click,{}
